frame_index,t_rel_s,interval_s,size_bytes,width,height,file
1,0.172,0.172,5212,324,244,frame_00001.jpg
2,0.266,0.094,5161,324,244,frame_00002.jpg
3,0.438,0.172,5189,324,244,frame_00003.jpg
4,0.531,0.093,5212,324,244,frame_00004.jpg
5,0.656,0.125,5213,324,244,frame_00005.jpg
6,0.797,0.141,5213,324,244,frame_00006.jpg
7,0.938,0.141,5224,324,244,frame_00007.jpg
8,1.063,0.125,5159,324,244,frame_00008.jpg
9,1.234,0.171,5299,324,244,frame_00009.jpg
10,1.359,0.125,5194,324,244,frame_00010.jpg
11,1.453,0.094,5239,324,244,frame_00011.jpg
12,1.578,0.125,5167,324,244,frame_00012.jpg
13,1.719,0.141,5194,324,244,frame_00013.jpg
14,1.844,0.125,5243,324,244,frame_00014.jpg
15,1.969,0.125,5195,324,244,frame_00015.jpg
16,2.109,0.14,5205,324,244,frame_00016.jpg
17,2.281,0.172,5182,324,244,frame_00017.jpg
18,2.375,0.094,5203,324,244,frame_00018.jpg
19,2.5,0.125,5243,324,244,frame_00019.jpg
20,2.641,0.141,5254,324,244,frame_00020.jpg
21,2.766,0.125,5220,324,244,frame_00021.jpg
22,2.938,0.172,5283,324,244,frame_00022.jpg
23,3.031,0.093,5185,324,244,frame_00023.jpg
24,3.172,0.141,5183,324,244,frame_00024.jpg
25,3.297,0.125,5203,324,244,frame_00025.jpg
26,3.422,0.125,5195,324,244,frame_00026.jpg
27,3.563,0.141,5247,324,244,frame_00027.jpg
28,3.703,0.14,5219,324,244,frame_00028.jpg
29,3.828,0.125,5184,324,244,frame_00029.jpg
30,4.016,0.188,5209,324,244,frame_00030.jpg
31,4.094,0.078,5253,324,244,frame_00031.jpg
32,4.219,0.125,5235,324,244,frame_00032.jpg
33,4.344,0.125,5192,324,244,frame_00033.jpg
34,4.547,0.203,5195,324,244,frame_00034.jpg
35,4.609,0.062,5245,324,244,frame_00035.jpg
36,4.75,0.141,5159,324,244,frame_00036.jpg
37,4.891,0.141,5151,324,244,frame_00037.jpg
38,5.031,0.14,5202,324,244,frame_00038.jpg
39,5.188,0.157,5137,324,244,frame_00039.jpg
40,5.328,0.14,5183,324,244,frame_00040.jpg
41,5.469,0.141,5153,324,244,frame_00041.jpg
42,5.547,0.078,5163,324,244,frame_00042.jpg
43,5.672,0.125,5154,324,244,frame_00043.jpg
44,5.813,0.141,5146,324,244,frame_00044.jpg
45,5.953,0.14,5052,324,244,frame_00045.jpg
46,6.078,0.125,5120,324,244,frame_00046.jpg
47,6.203,0.125,5080,324,244,frame_00047.jpg
48,6.391,0.188,5055,324,244,frame_00048.jpg
49,6.469,0.078,5074,324,244,frame_00049.jpg
50,6.594,0.125,4974,324,244,frame_00050.jpg
51,6.734,0.14,4935,324,244,frame_00051.jpg
52,6.875,0.141,4896,324,244,frame_00052.jpg
53,6.984,0.109,4877,324,244,frame_00053.jpg
54,7.125,0.141,4790,324,244,frame_00054.jpg
55,7.297,0.172,4846,324,244,frame_00055.jpg
56,7.391,0.094,4840,324,244,frame_00056.jpg
57,7.516,0.125,4895,324,244,frame_00057.jpg
58,7.656,0.14,4921,324,244,frame_00058.jpg
59,7.797,0.141,4943,324,244,frame_00059.jpg
60,7.906,0.109,4918,324,244,frame_00060.jpg
61,8.109,0.203,4907,324,244,frame_00061.jpg
62,8.172,0.063,4944,324,244,frame_00062.jpg
63,8.313,0.141,4964,324,244,frame_00063.jpg
64,8.5,0.187,4916,324,244,frame_00064.jpg
65,8.578,0.078,4961,324,244,frame_00065.jpg
66,8.719,0.141,5048,324,244,frame_00066.jpg
67,8.844,0.125,5070,324,244,frame_00067.jpg
68,9.0,0.156,5166,324,244,frame_00068.jpg
69,9.156,0.156,5224,324,244,frame_00069.jpg
70,9.234,0.078,5233,324,244,frame_00070.jpg
71,9.359,0.125,5220,324,244,frame_00071.jpg
72,9.5,0.141,5219,324,244,frame_00072.jpg
73,9.641,0.141,5218,324,244,frame_00073.jpg
74,9.766,0.125,5288,324,244,frame_00074.jpg
75,9.891,0.125,5285,324,244,frame_00075.jpg
76,10.031,0.14,5266,324,244,frame_00076.jpg
77,10.172,0.141,5237,324,244,frame_00077.jpg
78,10.281,0.109,5246,324,244,frame_00078.jpg
79,10.469,0.188,5243,324,244,frame_00079.jpg
80,10.578,0.109,5204,324,244,frame_00080.jpg
81,10.688,0.11,5271,324,244,frame_00081.jpg
82,10.875,0.187,5282,324,244,frame_00082.jpg
83,11.0,0.125,5243,324,244,frame_00083.jpg
84,11.094,0.094,5292,324,244,frame_00084.jpg
85,11.219,0.125,5242,324,244,frame_00085.jpg
86,11.391,0.172,5227,324,244,frame_00086.jpg
87,11.484,0.093,5313,324,244,frame_00087.jpg
88,11.609,0.125,5298,324,244,frame_00088.jpg
89,11.75,0.141,5236,324,244,frame_00089.jpg
90,11.891,0.141,5244,324,244,frame_00090.jpg
91,12.016,0.125,5244,324,244,frame_00091.jpg
92,12.141,0.125,5188,324,244,frame_00092.jpg
93,12.328,0.187,5209,324,244,frame_00093.jpg
94,12.406,0.078,5216,324,244,frame_00094.jpg
95,12.531,0.125,5197,324,244,frame_00095.jpg
96,12.672,0.141,5232,324,244,frame_00096.jpg
97,12.813,0.141,5175,324,244,frame_00097.jpg
98,12.984,0.171,5255,324,244,frame_00098.jpg
99,13.109,0.125,5229,324,244,frame_00099.jpg
100,13.25,0.141,5243,324,244,frame_00100.jpg
101,13.328,0.078,5273,324,244,frame_00101.jpg
102,13.5,0.172,5226,324,244,frame_00102.jpg
103,13.609,0.109,5210,324,244,frame_00103.jpg
104,13.75,0.141,5274,324,244,frame_00104.jpg
105,13.859,0.109,5174,324,244,frame_00105.jpg
106,14.0,0.141,5224,324,244,frame_00106.jpg
107,14.125,0.125,5271,324,244,frame_00107.jpg
108,14.25,0.125,5181,324,244,frame_00108.jpg
109,14.438,0.188,5313,324,244,frame_00109.jpg
110,14.531,0.093,5280,324,244,frame_00110.jpg
111,14.672,0.141,5247,324,244,frame_00111.jpg
112,14.781,0.109,5339,324,244,frame_00112.jpg
113,14.922,0.141,5250,324,244,frame_00113.jpg
114,15.078,0.156,5241,324,244,frame_00114.jpg
115,15.172,0.094,5271,324,244,frame_00115.jpg
116,15.375,0.203,5231,324,244,frame_00116.jpg
117,15.438,0.063,5263,324,244,frame_00117.jpg
118,15.578,0.14,5247,324,244,frame_00118.jpg
119,15.703,0.125,5260,324,244,frame_00119.jpg
120,15.844,0.141,5273,324,244,frame_00120.jpg
121,15.984,0.14,5249,324,244,frame_00121.jpg
122,16.109,0.125,5254,324,244,frame_00122.jpg
123,16.234,0.125,5214,324,244,frame_00123.jpg
124,16.375,0.141,5361,324,244,frame_00124.jpg
125,16.5,0.125,5245,324,244,frame_00125.jpg
126,16.641,0.141,5299,324,244,frame_00126.jpg
127,16.766,0.125,5252,324,244,frame_00127.jpg
128,16.906,0.14,5220,324,244,frame_00128.jpg
129,17.031,0.125,5249,324,244,frame_00129.jpg
130,17.156,0.125,5270,324,244,frame_00130.jpg
131,17.297,0.141,5191,324,244,frame_00131.jpg
132,17.422,0.125,5178,324,244,frame_00132.jpg
133,17.594,0.172,5257,324,244,frame_00133.jpg
134,17.703,0.109,5232,324,244,frame_00134.jpg
135,17.828,0.125,5197,324,244,frame_00135.jpg
136,17.953,0.125,5226,324,244,frame_00136.jpg
137,18.078,0.125,5207,324,244,frame_00137.jpg
138,18.266,0.188,5190,324,244,frame_00138.jpg
139,18.359,0.093,5254,324,244,frame_00139.jpg
140,18.484,0.125,5273,324,244,frame_00140.jpg
141,18.75,0.266,5243,324,244,frame_00141.jpg
142,18.875,0.125,5179,324,244,frame_00142.jpg
143,19.047,0.172,5221,324,244,frame_00143.jpg
144,19.141,0.094,5193,324,244,frame_00144.jpg
145,19.266,0.125,5232,324,244,frame_00145.jpg
146,19.406,0.14,5205,324,244,frame_00146.jpg
147,19.547,0.141,5242,324,244,frame_00147.jpg
148,19.688,0.141,5204,324,244,frame_00148.jpg
149,19.859,0.171,5213,324,244,frame_00149.jpg
150,19.922,0.063,5230,324,244,frame_00150.jpg
151,20.063,0.141,5203,324,244,frame_00151.jpg
152,20.203,0.14,5200,324,244,frame_00152.jpg
153,20.328,0.125,5183,324,244,frame_00153.jpg
154,20.453,0.125,5182,324,244,frame_00154.jpg
155,20.609,0.156,5237,324,244,frame_00155.jpg
156,20.734,0.125,5174,324,244,frame_00156.jpg
157,20.859,0.125,5150,324,244,frame_00157.jpg
158,21.0,0.141,5192,324,244,frame_00158.jpg
159,21.172,0.172,5244,324,244,frame_00159.jpg
160,21.25,0.078,5251,324,244,frame_00160.jpg
161,21.375,0.125,5215,324,244,frame_00161.jpg
162,21.516,0.141,5202,324,244,frame_00162.jpg
163,21.641,0.125,5216,324,244,frame_00163.jpg
164,21.781,0.14,5156,324,244,frame_00164.jpg
165,21.906,0.125,5236,324,244,frame_00165.jpg
166,22.094,0.188,5248,324,244,frame_00166.jpg
167,22.234,0.14,5200,324,244,frame_00167.jpg
168,22.313,0.079,5175,324,244,frame_00168.jpg
169,22.438,0.125,5148,324,244,frame_00169.jpg
170,22.578,0.14,5260,324,244,frame_00170.jpg
171,22.703,0.125,5226,324,244,frame_00171.jpg
172,22.828,0.125,5222,324,244,frame_00172.jpg
173,23.016,0.188,5223,324,244,frame_00173.jpg
174,23.094,0.078,5217,324,244,frame_00174.jpg
175,23.234,0.14,5165,324,244,frame_00175.jpg
176,23.359,0.125,5189,324,244,frame_00176.jpg
177,23.5,0.141,5103,324,244,frame_00177.jpg
178,23.625,0.125,5218,324,244,frame_00178.jpg
179,23.766,0.141,5209,324,244,frame_00179.jpg
180,23.953,0.187,5219,324,244,frame_00180.jpg
181,24.016,0.063,5156,324,244,frame_00181.jpg
182,24.203,0.187,5106,324,244,frame_00182.jpg
183,24.281,0.078,5128,324,244,frame_00183.jpg
184,24.422,0.141,5162,324,244,frame_00184.jpg
185,24.547,0.125,5213,324,244,frame_00185.jpg
186,24.688,0.141,5216,324,244,frame_00186.jpg
187,24.859,0.171,5267,324,244,frame_00187.jpg
188,24.953,0.094,5206,324,244,frame_00188.jpg
189,25.078,0.125,5254,324,244,frame_00189.jpg
190,25.266,0.188,5252,324,244,frame_00190.jpg
191,25.344,0.078,5204,324,244,frame_00191.jpg
192,25.531,0.187,5130,324,244,frame_00192.jpg
193,25.609,0.078,5104,324,244,frame_00193.jpg
194,25.734,0.125,5022,324,244,frame_00194.jpg
195,25.875,0.141,4909,324,244,frame_00195.jpg
196,26.0,0.125,4940,324,244,frame_00196.jpg
197,26.141,0.141,4936,324,244,frame_00197.jpg
198,26.313,0.172,5064,324,244,frame_00198.jpg
199,26.438,0.125,5023,324,244,frame_00199.jpg
200,26.531,0.093,5050,324,244,frame_00200.jpg
201,26.719,0.188,5186,324,244,frame_00201.jpg
202,26.828,0.109,5222,324,244,frame_00202.jpg
203,26.969,0.141,5266,324,244,frame_00203.jpg
204,27.063,0.094,5349,324,244,frame_00204.jpg
205,27.25,0.187,5395,324,244,frame_00205.jpg
206,27.328,0.078,5300,324,244,frame_00206.jpg
207,27.453,0.125,5304,324,244,frame_00207.jpg
208,27.594,0.141,5306,324,244,frame_00208.jpg
209,27.734,0.14,5382,324,244,frame_00209.jpg
210,27.875,0.141,5329,324,244,frame_00210.jpg
211,27.984,0.109,5410,324,244,frame_00211.jpg
212,28.109,0.125,5346,324,244,frame_00212.jpg
213,28.25,0.141,5328,324,244,frame_00213.jpg
214,28.391,0.141,5301,324,244,frame_00214.jpg
215,28.516,0.125,5337,324,244,frame_00215.jpg
216,28.688,0.172,5300,324,244,frame_00216.jpg
217,28.781,0.093,5301,324,244,frame_00217.jpg
218,28.906,0.125,5353,324,244,frame_00218.jpg
219,29.063,0.157,5358,324,244,frame_00219.jpg
220,29.172,0.109,5325,324,244,frame_00220.jpg
221,29.297,0.125,5255,324,244,frame_00221.jpg
222,29.484,0.187,5323,324,244,frame_00222.jpg
223,29.563,0.079,5371,324,244,frame_00223.jpg
224,29.703,0.14,5388,324,244,frame_00224.jpg
225,29.875,0.172,5319,324,244,frame_00225.jpg
226,29.953,0.078,5203,324,244,frame_00226.jpg
227,30.141,0.188,5226,324,244,frame_00227.jpg
228,30.219,0.078,5265,324,244,frame_00228.jpg
229,30.359,0.14,5369,324,244,frame_00229.jpg
230,30.531,0.172,5301,324,244,frame_00230.jpg
231,30.625,0.094,5204,324,244,frame_00231.jpg
232,30.75,0.125,5303,324,244,frame_00232.jpg
233,30.891,0.141,5206,324,244,frame_00233.jpg
234,31.016,0.125,5251,324,244,frame_00234.jpg
235,31.141,0.125,5196,324,244,frame_00235.jpg
236,31.281,0.14,5229,324,244,frame_00236.jpg
237,31.406,0.125,5362,324,244,frame_00237.jpg
238,31.547,0.141,5518,324,244,frame_00238.jpg
239,31.688,0.141,5409,324,244,frame_00239.jpg
240,31.859,0.171,5514,324,244,frame_00240.jpg
241,31.938,0.079,5383,324,244,frame_00241.jpg
242,32.063,0.125,5361,324,244,frame_00242.jpg
243,32.203,0.14,5234,324,244,frame_00243.jpg
244,32.328,0.125,5241,324,244,frame_00244.jpg
245,32.469,0.141,5312,324,244,frame_00245.jpg
246,32.594,0.125,5346,324,244,frame_00246.jpg
247,32.766,0.172,5365,324,244,frame_00247.jpg
248,32.859,0.093,5338,324,244,frame_00248.jpg
249,32.984,0.125,5338,324,244,frame_00249.jpg
250,33.141,0.157,5230,324,244,frame_00250.jpg
251,33.25,0.109,5237,324,244,frame_00251.jpg
252,33.391,0.141,5251,324,244,frame_00252.jpg
253,33.516,0.125,5191,324,244,frame_00253.jpg
254,33.703,0.187,5098,324,244,frame_00254.jpg
255,33.781,0.078,5157,324,244,frame_00255.jpg
256,33.938,0.157,5104,324,244,frame_00256.jpg
257,34.094,0.156,4934,324,244,frame_00257.jpg
258,34.188,0.094,4951,324,244,frame_00258.jpg
259,34.313,0.125,4988,324,244,frame_00259.jpg
260,34.438,0.125,4981,324,244,frame_00260.jpg
261,34.625,0.187,5014,324,244,frame_00261.jpg
262,34.75,0.125,4986,324,244,frame_00262.jpg
263,34.844,0.094,5098,324,244,frame_00263.jpg
264,35.031,0.187,4983,324,244,frame_00264.jpg
265,35.109,0.078,4909,324,244,frame_00265.jpg
266,35.25,0.141,4803,324,244,frame_00266.jpg
267,35.375,0.125,4913,324,244,frame_00267.jpg
268,35.5,0.125,4948,324,244,frame_00268.jpg
269,35.672,0.172,4435,324,244,frame_00269.jpg
270,35.75,0.078,4361,324,244,frame_00270.jpg
271,35.891,0.141,5043,324,244,frame_00271.jpg
272,36.109,0.218,4962,324,244,frame_00272.jpg
273,36.203,0.094,4958,324,244,frame_00273.jpg
274,36.313,0.11,5051,324,244,frame_00274.jpg
275,36.422,0.109,5005,324,244,frame_00275.jpg
276,36.547,0.125,5008,324,244,frame_00276.jpg
277,36.672,0.125,4973,324,244,frame_00277.jpg
278,36.813,0.141,4979,324,244,frame_00278.jpg
279,36.938,0.125,5025,324,244,frame_00279.jpg
280,37.094,0.156,5019,324,244,frame_00280.jpg
281,37.266,0.172,5001,324,244,frame_00281.jpg
282,37.359,0.093,4990,324,244,frame_00282.jpg
283,37.516,0.157,4984,324,244,frame_00283.jpg
284,37.609,0.093,5012,324,244,frame_00284.jpg
285,37.797,0.188,5113,324,244,frame_00285.jpg
286,37.906,0.109,4999,324,244,frame_00286.jpg
287,38.0,0.094,5013,324,244,frame_00287.jpg
288,38.141,0.141,5064,324,244,frame_00288.jpg
289,38.328,0.187,5096,324,244,frame_00289.jpg
290,38.391,0.063,5054,324,244,frame_00290.jpg
291,38.563,0.172,5026,324,244,frame_00291.jpg
292,38.703,0.14,5043,324,244,frame_00292.jpg
293,38.797,0.094,5069,324,244,frame_00293.jpg
294,38.922,0.125,5110,324,244,frame_00294.jpg
295,39.063,0.141,5073,324,244,frame_00295.jpg
296,39.203,0.14,5073,324,244,frame_00296.jpg
297,39.359,0.156,5088,324,244,frame_00297.jpg
298,39.453,0.094,5070,324,244,frame_00298.jpg
299,39.594,0.141,5092,324,244,frame_00299.jpg
300,39.781,0.187,5030,324,244,frame_00300.jpg
301,39.906,0.125,5058,324,244,frame_00301.jpg
302,39.984,0.078,5140,324,244,frame_00302.jpg
303,40.109,0.125,5165,324,244,frame_00303.jpg
304,40.266,0.157,5074,324,244,frame_00304.jpg
305,40.422,0.156,5103,324,244,frame_00305.jpg
306,40.516,0.094,5053,324,244,frame_00306.jpg
307,40.641,0.125,5097,324,244,frame_00307.jpg
308,40.781,0.14,5088,324,244,frame_00308.jpg
309,40.906,0.125,5115,324,244,frame_00309.jpg
310,41.047,0.141,5086,324,244,frame_00310.jpg
311,41.188,0.141,5073,324,244,frame_00311.jpg
312,41.297,0.109,5044,324,244,frame_00312.jpg
313,41.422,0.125,5096,324,244,frame_00313.jpg
314,41.594,0.172,5128,324,244,frame_00314.jpg
315,41.688,0.094,5170,324,244,frame_00315.jpg
316,41.875,0.187,5130,324,244,frame_00316.jpg
317,41.969,0.094,5081,324,244,frame_00317.jpg
318,42.109,0.14,5086,324,244,frame_00318.jpg
319,42.234,0.125,5105,324,244,frame_00319.jpg
320,42.359,0.125,5093,324,244,frame_00320.jpg
321,42.484,0.125,5068,324,244,frame_00321.jpg
322,42.625,0.141,5080,324,244,frame_00322.jpg
323,42.75,0.125,5094,324,244,frame_00323.jpg
324,42.875,0.125,5089,324,244,frame_00324.jpg
325,43.031,0.156,5085,324,244,frame_00325.jpg
326,43.141,0.11,5098,324,244,frame_00326.jpg
327,43.328,0.187,5153,324,244,frame_00327.jpg
328,43.422,0.094,5086,324,244,frame_00328.jpg
329,43.547,0.125,5085,324,244,frame_00329.jpg
330,43.719,0.172,5076,324,244,frame_00330.jpg
331,43.813,0.094,5027,324,244,frame_00331.jpg
332,43.953,0.14,5218,324,244,frame_00332.jpg
333,44.078,0.125,5184,324,244,frame_00333.jpg
334,44.203,0.125,5094,324,244,frame_00334.jpg
335,44.328,0.125,5057,324,244,frame_00335.jpg
336,44.469,0.141,5048,324,244,frame_00336.jpg
337,44.594,0.125,5130,324,244,frame_00337.jpg
338,44.734,0.14,5090,324,244,frame_00338.jpg
339,44.875,0.141,5128,324,244,frame_00339.jpg
340,44.984,0.109,5097,324,244,frame_00340.jpg
341,45.125,0.141,5078,324,244,frame_00341.jpg
342,45.266,0.141,5082,324,244,frame_00342.jpg
343,45.391,0.125,5063,324,244,frame_00343.jpg
344,45.516,0.125,5062,324,244,frame_00344.jpg
345,45.656,0.14,5099,324,244,frame_00345.jpg
346,45.797,0.141,5065,324,244,frame_00346.jpg
347,45.922,0.125,5092,324,244,frame_00347.jpg
348,46.047,0.125,5099,324,244,frame_00348.jpg
349,46.188,0.141,5106,324,244,frame_00349.jpg
350,46.313,0.125,5093,324,244,frame_00350.jpg
351,46.438,0.125,5073,324,244,frame_00351.jpg
352,46.578,0.14,5049,324,244,frame_00352.jpg
353,46.703,0.125,5102,324,244,frame_00353.jpg
354,46.844,0.141,5102,324,244,frame_00354.jpg
355,46.984,0.14,5069,324,244,frame_00355.jpg
356,47.125,0.141,5083,324,244,frame_00356.jpg
357,47.234,0.109,5115,324,244,frame_00357.jpg
358,47.375,0.141,5110,324,244,frame_00358.jpg
359,47.5,0.125,5083,324,244,frame_00359.jpg
360,47.641,0.141,5051,324,244,frame_00360.jpg
361,47.766,0.125,5151,324,244,frame_00361.jpg
362,47.891,0.125,5113,324,244,frame_00362.jpg
363,48.031,0.14,5064,324,244,frame_00363.jpg
364,48.156,0.125,5074,324,244,frame_00364.jpg
365,48.328,0.172,5022,324,244,frame_00365.jpg
366,48.438,0.11,5041,324,244,frame_00366.jpg
367,48.547,0.109,5023,324,244,frame_00367.jpg
368,48.688,0.141,5035,324,244,frame_00368.jpg
369,48.859,0.171,4994,324,244,frame_00369.jpg
370,48.969,0.11,4983,324,244,frame_00370.jpg
371,49.125,0.156,4986,324,244,frame_00371.jpg
372,49.219,0.094,5047,324,244,frame_00372.jpg
373,49.359,0.14,5084,324,244,frame_00373.jpg
374,49.484,0.125,4998,324,244,frame_00374.jpg
375,49.656,0.172,5072,324,244,frame_00375.jpg
376,49.797,0.141,5083,324,244,frame_00376.jpg
377,49.891,0.094,5080,324,244,frame_00377.jpg
378,50.0,0.109,5062,324,244,frame_00378.jpg
379,50.125,0.125,5087,324,244,frame_00379.jpg
380,50.266,0.141,5058,324,244,frame_00380.jpg
381,50.406,0.14,5040,324,244,frame_00381.jpg
382,50.531,0.125,5030,324,244,frame_00382.jpg
383,50.672,0.141,5060,324,244,frame_00383.jpg
384,50.828,0.156,5085,324,244,frame_00384.jpg
385,50.922,0.094,5092,324,244,frame_00385.jpg
386,51.063,0.141,5062,324,244,frame_00386.jpg
387,51.188,0.125,5037,324,244,frame_00387.jpg
388,51.313,0.125,5068,324,244,frame_00388.jpg
389,51.453,0.14,5061,324,244,frame_00389.jpg
390,51.594,0.141,5077,324,244,frame_00390.jpg
391,51.719,0.125,5065,324,244,frame_00391.jpg
392,51.859,0.14,5105,324,244,frame_00392.jpg
393,52.031,0.172,5046,324,244,frame_00393.jpg
394,52.141,0.11,5066,324,244,frame_00394.jpg
395,52.25,0.109,5061,324,244,frame_00395.jpg
396,52.391,0.141,5068,324,244,frame_00396.jpg
397,52.516,0.125,5087,324,244,frame_00397.jpg
398,52.672,0.156,5055,324,244,frame_00398.jpg
399,52.781,0.109,5121,324,244,frame_00399.jpg
400,52.906,0.125,5068,324,244,frame_00400.jpg
401,53.047,0.141,5052,324,244,frame_00401.jpg
402,53.172,0.125,5060,324,244,frame_00402.jpg
403,53.297,0.125,5058,324,244,frame_00403.jpg
404,53.438,0.141,5047,324,244,frame_00404.jpg
405,53.578,0.14,5066,324,244,frame_00405.jpg
406,53.703,0.125,5106,324,244,frame_00406.jpg
407,53.844,0.141,5026,324,244,frame_00407.jpg
408,53.969,0.125,5025,324,244,frame_00408.jpg
409,54.094,0.125,5102,324,244,frame_00409.jpg
410,54.266,0.172,5065,324,244,frame_00410.jpg
411,54.359,0.093,5035,324,244,frame_00411.jpg
412,54.484,0.125,5042,324,244,frame_00412.jpg
413,54.625,0.141,5028,324,244,frame_00413.jpg
414,54.766,0.141,5089,324,244,frame_00414.jpg
415,54.891,0.125,5123,324,244,frame_00415.jpg
416,55.016,0.125,5094,324,244,frame_00416.jpg
